arrivalRate,averageCongestion,averageCongestionOther$0,averageCongestionOther$1,averageCongestionOther$2,averageCongestionOther$3,averageCongestionOther$4,averageCongestionRer,averageModeShareOther$0,averageModeShareOther$1,averageModeShareOther$2,averageModeShareOther$3,averageModeShareOther$4,averageModeShareRer,averageTravelTime,averageWaitingUsers,betaCongestion,betaWaiting,id,replication,rerCapacity,rerInterval,shareDivertedUsers,totalArrivedUsers,totalBoardedUsers,totalDivertedUsers
19.304679143850837,0.20542953735880926,0.09318861083743825,0.34592448330683656,0.9019350073855309,0.8625396825396843,0.0020699999999999985,0.0,0.6366909633792922,0.22095371915342057,0.05945376306314218,0.01844208307719329,0.06445947132695179,0.0,24.860542724159128,0.058091286307053944,-0.7599574032934107,1.897456209620377,2,22112948,1181.6072267280024,13.243296683337777,1.0,11387.0,0.0,4642.0
80.41965920488086,0.277009639103856,0.21376440190060333,0.5276522981043886,0.8856857142857184,0.8498412698412713,0.0051137232194557085,0.0,0.7174708238982755,0.1676972652847936,0.030482494338965337,0.009144748301689602,0.07520466817627591,0.0,25.552908900888347,63.96265560165975,-1.342596403964013,0.23668883233639937,1,-368113511,95.55822381536065,4.070790927554086,1.0,22964.0,0.0,19347.0
97.83367560811976,0.2412191182673614,0.1727161849175489,0.42601558872305056,0.8997852760736257,0.8687301587301604,0.0035916173913043497,0.0,0.7104763001785406,0.17364510741231354,0.03755111443874906,0.012094684098370098,0.06623279387202673,0.0,24.895985716754016,6907.634854771784,1.285994114371674,-1.8083838914900834,0,-590972249,722.3625495282163,9.214806554020491,1.0,17363.0,0.0,13126.0
130.6973387321363,0.347688115992807,0.30426942601497126,0.6551033171350106,0.8790428571428602,0.8500000000000016,0.00775759583178266,0.0,0.7380503144654088,0.1488364779874214,0.0220125786163522,0.006603773584905661,0.08449685534591195,0.0,25.039748427672954,3.0539419087136928,1.022900513069609,1.0585367028689214,3,138193182,1245.8714493701411,16.605836129497433,1.0,31800.0,0.0,31015.0
177.02164646505202,0.42577186252504884,0.39336025812932196,0.7770825622775809,0.8662428571428598,0.8525396825396843,0.009828276684555748,0.0,0.7531160234794555,0.14037716997627075,0.017484700886724117,0.005245410266017235,0.08377669539153242,0.0,26.67426002248033,469.6970954356847,0.37446302533630504,-0.4109470027250217,4,1844508048,1804.8334495167599,7.886918715889818,1.0,40035.0,0.0,42069.0
